{" P\u01d4k\u01d2u, Nanjing": {"lat": 32.04801645, "lon": 118.53698919132793}, ", Iksan-si, Jeonbuk, South Korea": {"lat": 35.9479291, "lon": 126.9578025}, "A35, Strasbourg, Alsace, France": {"lat": 48.6506864, "lon": 7.7348182}, "Adelaide CBD, Australia": {"lat": -34.9334107, "lon": 138.6006227}, "Aju-dong, Geoje-si, Gyeongnam, South Korea": {"lat": 34.8690019, "lon": 128.6870111}, "Akebergveien, Oslo, Norway": {"lat": 59.9082057, "lon": 10.7785657}, "Akiumachi Nagafukuro, Miyagi-ken, Japan": {"lat": 38.2632984, "lon": 140.6674195}, "Alandi, Pune, Pune, India": {"lat": 18.675174, "lon": 73.89796}, "Alandur, Chennai, Chennai, India": {"lat": 13.0042558, "lon": 80.2014525}, "Albalat dels Tarongers, Valencia, Spain": {"lat": 39.7028908, "lon": -0.3371981}, "Algar de Pal\u00e0ncia, Valencia, Spain": {"lat": 39.7810953, "lon": -0.367464}, "Alipur, Delhi, Delhi, India": {"lat": 28.7959955, "lon": 77.1360706}, "Alnabru, Oslo, Norway": {"lat": 59.9287861, "lon": 10.8376972}, "Amposta, Catalunya, Spain": {"lat": 40.7079905, "lon": 0.5827636}, "Amsterdam": {"lat": 52.3727598, "lon": 4.8936041}, "Amurska, Kosice, Slovakia": {"lat": 48.6909259, "lon": 21.2835967}, "Anjou, Montreal, Canada": {"lat": 45.6048982, "lon": -73.5466723}, "Ankang City Stations, An'kang": {"lat": 32.7146275, "lon": 109.0123864}, "Aobadai, Meguro, Tokyo, Japan": {"lat": 35.6482209, "lon": 139.6970724}, "Arraiz, Bilbao, Pa\u00eds Vasco, Spain": {"lat": 43.2420618, "lon": -2.9638462}, "Avd. Francia, Val\u00e8ncia, Valencia, Spain": {"lat": 39.4588674, "lon": -0.346068}, "Aya Nagar, Delhi, Delhi, India": {"lat": 28.47649105, "lon": 77.13291315925144}, "BDA, Beijing": {"lat": 39.8139869, "lon": 116.5061017}, "BTM, Bangalore, India": {"lat": 12.911275849999999, "lon": 77.60456543431182}, "BWSSB, Bangalore, India": {"lat": 13.1013483, "lon": 77.58621292003312}, "Bakersfield-California Avenue, Kern, California": {"lat": 35.372195, "lon": -119.0078641}, "Banqiao, Taiwan": {"lat": 25.0096703, "lon": 121.4590989}, "Baobai highway, Tianjin": {"lat": 39.4680861, "lon": 117.4015528}, "Baoshan Luodian, Shanghai": {"lat": 31.3808191, "lon": 121.3395487}, "Barcelona (Eixample), Catalunya, Spain": {"lat": 41.398694, "lon": 2.1782798}, "Barcelona (Gr\u00e0cia-St.Gervasi), Catalunya, Spain": {"lat": 41.3959792, "lon": 2.1500277}, "Barcelona (Palau Reial), Catalunya, Spain": {"lat": 41.38403915, "lon": 2.1770410875289437}, "Barcelona, Catalunya, Spain": {"lat": 41.3828939, "lon": 2.1774322}, "Barreda, Cantabria, Spain": {"lat": 43.3687232, "lon": -4.0424538}, "Basel Binningen, Switzerland": {"lat": 47.5410508, "lon": 7.5835282}, "Bassens, Aquitaine, France": {"lat": 44.9015003, "lon": -0.5163222}, "Beaverton, Oregon, USA": {"lat": 45.4871723, "lon": -122.80378}, "Beijing": {"lat": 39.906217, "lon": 116.3912757}, "Belisario, Quito, Ecuador": {"lat": -0.2000039, "lon": -78.50618598157472}, "Benig\u00e1nim, Valencia, Spain": {"lat": 38.9438572, "lon": -0.4440855}, "Benito Ju\u00e1rez, M\u00e9xico, Mexico": {"lat": 19.3717897, "lon": -99.1579191}, "Berghaven, Hoek v. Holland": {"lat": 51.9770288, "lon": 4.124069062175491}, "Berlin, Germany": {"lat": 52.5170365, "lon": 13.3888599}, "Bernau, Lohm\u00fchlenstr. v, Germany": {"lat": 52.6767038, "lon": 13.5827729}, "Bhosari, Pune, Pune, India": {"lat": 18.60928825, "lon": 73.8201045}, "Bhumkar Chowk, Pune, Pune, India": {"lat": 18.6053321, "lon": 73.7519996}, "Bijogi, Toda, Saitama, Japan": {"lat": 35.8278931, "lon": 139.6371554}, "Billbrook, Hamburg, Germany": {"lat": 53.5275068, "lon": 10.0867824}, "Billstedt, Hamburg, Germany": {"lat": 53.5488992, "lon": 10.1226247}, "Bill\u00e8re, Aquitaine, France": {"lat": 43.3030044, "lon": -0.3905556}, "Bobigny, Paris": {"lat": 48.8954065, "lon": 2.42519}, "Bokjeong-dong, Seongnam-si, Gyeonggi, South Korea": {"lat": 37.462216, "lon": 127.12955266162419}, "Bomberos, Mexico": {"lat": 25.7783657, "lon": -100.4187526}, "Bongam-dong, Changwon-si, Gyeongnam, South Korea": {"lat": 35.218149, "lon": 128.598492}, "Bouteillerie, Nantes, Loire, France": {"lat": 47.2216408, "lon": -1.5428939}, "Bray, Ireland": {"lat": 53.20122935, "lon": -6.106950097366967}, "Bringelly Sydney South-west, Australia": {"lat": -33.9519465, "lon": 150.8227354}, "Brisbane CBD, Australia": {"lat": -27.4773264, "lon": 153.0205426}, "Brno-Turany, Jihomoravsky, Czech Republic": {"lat": 49.1531386, "lon": 16.6889006}, "Brno-Zvonarka, Jihomoravsky, Czech Republic": {"lat": 49.1858389, "lon": 16.616527024059806}, "Brussels": {"lat": 50.8465573, "lon": 4.351697}, "Budapest Budat\u00e9t\u00e9ny, Budapest, Hungary": {"lat": 47.4021014, "lon": 19.0158246}, "Budapest Csepel, Budapest, Hungary": {"lat": 47.4659153, "lon": 19.0774747}, "Budapest Erzs\u00e9bet t\u00e9r, Budapest, Hungary": {"lat": 47.4982531, "lon": 19.05224755}, "Budapest Honv\u00e9d, Budapest, Hungary": {"lat": 47.52603, "lon": 19.07036}, "Budapest K\u00e1poszt\u00e1smegyer, Budapest, Hungary": {"lat": 47.6111689, "lon": 19.1040737}, "Budapest Pesthidegk\u00fat, Budapest, Hungary": {"lat": 47.5652994, "lon": 18.9595934}, "Budapest Sz\u00e9na t\u00e9r, Budapest, Hungary": {"lat": 47.5084769, "lon": 19.0274547}, "Bupyeong, Bupyeong-gu, Incheon, South Korea": {"lat": 37.489454, "lon": 126.7245591}, "Bupyeongyeok, Incheon, South Korea": {"lat": 37.4913554, "lon": 126.7231823}, "Burari Crossing, Delhi, Delhi, India": {"lat": 28.7285944, "lon": 77.1993251}, "Burbank, Los Angeles": {"lat": 34.152017150000006, "lon": -118.33537090319844}, "Burdens Creek, North Carolina, USA": {"lat": 35.8879506, "lon": -78.8873379}, "Burriana, Valencia, Spain": {"lat": 39.8873342, "lon": -0.0838341}, "Bursa Inegol, Turkey": {"lat": 40.0866799, "lon": 29.5137074}, "Bursa Kultur Park, Turkey": {"lat": 40.195651600000005, "lon": 29.043699112195636}, "Bursa Uludag Univ., Turkey": {"lat": 40.238966950000005, "lon": 28.869752731028097}, "Busan": {"lat": 35.1799528, "lon": 129.0752365}, "Busansinhang, Busan, South Korea": {"lat": 35.1178873, "lon": 128.8467054}, "Bydgoszcz-Pl. Pozna\u0144ski, Poland": {"lat": 53.121379, "lon": 17.9862885}, "Bydgoszcz-Warszawska, Poland": {"lat": 53.1319105, "lon": 17.9971632}, "Byeoryang-dong, Gwacheon-si, Gyeonggi, South Korea": {"lat": 37.4295017, "lon": 126.997747}, "Bygdoy Alle, Oslo, Norway": {"lat": 59.9192717, "lon": 10.6947197}, "CHMU, Ostrava-Poruba, Moravskoslezsky, Czech Republic": {"lat": 49.82568315, "lon": 18.159658352773153}, "CRRI Mathura Road, Delhi, Delhi, India": {"lat": 28.5500925, "lon": 77.2751557}, "Calgary Central 2, Alberta, Canada": {"lat": 53.3998105, "lon": -113.5099892}, "Calgary Northwest, Alberta, Canada": {"lat": 51.0697166, "lon": -114.11539988069526}, "Calgary Southeast, Alberta, Canada": {"lat": 50.851216050000005, "lon": -114.06823411395902}, "Calgary Varsity, Alberta, Canada": {"lat": 51.0951829, "lon": -114.140092}, "Camden Sydney South-west, Australia": {"lat": -33.902491, "lon": 151.1771397}, "Campanillas, Malaga, Spain": {"lat": 36.7140494, "lon": -4.5249768}, "Campus El Carmen, Huelva, Spain": {"lat": 37.2716554, "lon": -6.92527535}, "Campus, Santiago, Galicia, Spain": {"lat": 42.8912234, "lon": -8.54472499011618}, "Carapungo, Quito, Ecuador": {"lat": -0.0983633, "lon": -78.4531168}, "Cardiff Newport Road, United Kingdom": {"lat": 51.483955, "lon": -3.1708985}, "Carranque, Malaga, Spain": {"lat": 36.7178301, "lon": -4.4455814}, "Carvajal, Bogota, Colombia": {"lat": 4.6137428, "lon": -74.1385851}, "Casa De Campo, Madrid, Spain": {"lat": 40.4241907, "lon": -3.7558580195646716}, "Caserne 17, Montreal, Canada": {"lat": 45.4816128, "lon": -73.8663519}, "Cassana, Emilia Romagna, Italy": {"lat": 44.8493988, "lon": 11.5619951}, "Castellana, Madrid, Spain": {"lat": 40.4333241, "lon": -3.6841316}, "Caudete de las Fuentes, Valencia, Spain": {"lat": 39.5591102, "lon": -1.2803019}, "Ceboruco, Toluca, Mexico": {"lat": 19.2603173, "lon": -99.6496817}, "Celaya San Juanico, Celaya, Mexico": {"lat": 20.544718, "lon": -100.8348017}, "Celje, Slovenia": {"lat": 46.2293889, "lon": 15.2616828}, "Ceno, Emilia Romagna, Italy": {"lat": 44.6365935, "lon": 9.7685712}, "Central University, Hyderabad, India": {"lat": 17.4055852, "lon": 78.5148806}, "Centro de Alto Rendimiento, Bogota, Colombia": {"lat": 4.6594257, "lon": -74.08537824835452}, "Centro de Ciencias de la Atmosfera, M\u00e9xico, Mexico": {"lat": 19.3261268, "lon": -99.176088}, "Centro, Quito, Ecuador": {"lat": -0.260621, "lon": -78.549425}, "Cerqueira C\u00e9sar, S\u00e3o Paulo, Brazil": {"lat": -23.0353135, "lon": -49.1650519}, "Changning Xianxia, Shanghai": {"lat": 31.2083028, "lon": 121.3940947}, "Charleroi": {"lat": 50.4120332, "lon": 4.4436244}, "Charleroi, Pennsylvania, USA": {"lat": 40.1378499, "lon": -79.8981035}, "Chatenois, France": {"lat": 48.272548, "lon": 7.4013652}, "Chauvini\u00e8re, Nantes, Loire, France": {"lat": 47.2530906, "lon": -1.5749331}, "Chengdu": {"lat": 30.6598628, "lon": 104.0633717}, "Cheoncheon-dong, Suwon-si, Gyeonggi, South Korea": {"lat": 37.299456250000006, "lon": 126.98311040757858}, "Cheonghak-dong, Busan, South Korea": {"lat": 35.09106, "lon": 129.06497}, "Cheongna, Incheon, South Korea": {"lat": 37.5330681, "lon": 126.6299034}, "Cheongpung-myeon, Chungbuk, South Korea": {"lat": 37.00768, "lon": 128.13983}, "Chiang Mai": {"lat": 18.7882778, "lon": 98.9858802}, "Chiyo, Fukuoka, Japan": {"lat": 33.6022196, "lon": 130.4139737}, "Chongqing": {"lat": 29.5647398, "lon": 106.5478767}, "Choryang-dong, Busan, South Korea": {"lat": 35.12144, "lon": 129.04098}, "Churanov, Jihocesky, Czech Republic": {"lat": 49.0677778, "lon": 13.6158333}, "Ch\u00e9nier, Montreal, Canada": {"lat": 45.5110404, "lon": -73.5549507}, "Ciudad Deportiva, Armilla, Spain": {"lat": 37.1374625, "lon": -3.6192105421061864}, "Ciudad Deportiva-Arrecife, Canarias, Spain": {"lat": 28.967111600000003, "lon": -13.554614676074141}, "Clemenceau, Strasbourg, Alsace, France": {"lat": 48.5919518, "lon": 7.7547982}, "Clinton, Houston, Texas": {"lat": 29.740506, "lon": -95.2574352}, "Cotocollao, Quito, Ecuador": {"lat": -0.11596345, "lon": -78.50009921444834}, "Cottbus, Bahnhofstr. v, Germany": {"lat": 51.7222277, "lon": 14.3643575}, "Da Nang, Vietnam": {"lat": 16.068, "lon": 108.212}, "Daean-dong, Jinju-si, Gyeongnam, South Korea": {"lat": 35.1946824, "lon": 128.0841636}, "Daegaya-eup, Gyeongbuk, South Korea": {"lat": 35.73209, "lon": 128.25741}, "Daegu": {"lat": 35.8713, "lon": 128.6018}, "Daejeo-dong, Gangseo-gu, Busan, South Korea": {"lat": 35.2130537, "lon": 128.9604713}, "Daejeon": {"lat": 36.3496, "lon": 127.3848}, "Daejeong-eup, Jeju, South Korea": {"lat": 33.2330247, "lon": 126.2495988}, "Daesin-dong, Seo-gu, Busan, South Korea": {"lat": 35.1121776, "lon": 129.0117403}, "Daesong-dong, Dong-gu, Ulsan, South Korea": {"lat": 35.5056974, "lon": 129.41930078334497}, "Daimoncho, Saitama, Japan": {"lat": 35.9069082, "lon": 139.6250314}, "Dandae-dong, Seongnam-si, Gyeonggi, South Korea": {"lat": 37.4536256, "lon": 127.1586223}, "Dangni-dong, Busan, South Korea": {"lat": 35.1071561, "lon": 128.9768898}, "Dekijima, Osaka Prefecture, Japan": {"lat": 34.7070602, "lon": 135.4369699}, "Delmas MP, South Africa": {"lat": -26.146111, "lon": 28.683611}, "Denain, Nord-Pas-de-Calais, France": {"lat": 50.4859509, "lon": 2.5495439}, "Deokjeokdo, Incheon, South Korea": {"lat": 37.24187895, "lon": 126.11559253339838}, "Deokpo-dong, Busan, South Korea": {"lat": 35.1754906, "lon": 128.9854608}, "Deposito La Guancha-Candelaria, Canarias, Spain": {"lat": 28.38017955, "lon": -16.36806724979106}, "Dep\u00f3sito La Guancha-Candelaria, Canarias, Spain": {"lat": 28.38017955, "lon": -16.36806724979106}, "Di\u01cenj\u016bn district, Yichang, Hubei": {"lat": 30.6811494, "lon": 111.2510956}, "Dongcheng Dongsi, Beijing": {"lat": 39.906217, "lon": 116.3912757}, "Dongchun, Yeonsu-gu, Incheon, South Korea": {"lat": 37.4048204, "lon": 126.6802706}, "Dongguan": {"lat": 23.0205969, "lon": 113.7457788}, "Donghuan road, Tianjin": {"lat": 38.8509782, "lon": 117.4683586}, "Dongsuwon, Gyeonggi, South Korea": {"lat": 37.3020091, "lon": 127.0462472}, "Dorval, Montreal, Canada": {"lat": 45.4453082, "lon": -73.7510888}, "Douliu, Taiwan": {"lat": 23.7050525, "lon": 120.5372523}, "Dumbierska, Kosice, Slovakia": {"lat": 48.7521194, "lon": 21.2449007}, "Duncan, Montreal, Canada": {"lat": 45.465877, "lon": -73.6337852}, "D\u00e0sh\u00ed x\u012b l\u00f9, Chengdu": {"lat": 30.6534007, "lon": 104.0332059}, "EGAT, Nonthaburi, Thailand": {"lat": 13.8116408, "lon": 100.5056554}, "Earlwood Sydney East, Australia": {"lat": -33.9353901, "lon": 151.1323237}, "Economic Development Zone, Xian": {"lat": 39.7086717, "lon": 116.9120994504218}, "Edmonton Central, Alberta, Canada": {"lat": 53.5578666, "lon": -113.496343}, "Edmonton East, Alberta, Canada": {"lat": 53.3850396, "lon": -113.4419668}, "Edmonton South, Alberta, Canada": {"lat": 53.4945706, "lon": -113.4435585}, "Edogawa": {"lat": 35.678278, "lon": 139.871091}, "Edosaki, Inashiki, Ibaraki, Japan": {"lat": 35.9735124, "lon": 140.2739878}, "Einsteinweg, Amsterdam": {"lat": 52.3574552, "lon": 4.8424078}, "Ekimae, Ibaraki, Osaka Prefecture, Japan": {"lat": 34.8175664, "lon": 135.5651288}, "El Atabal, Malaga, Spain": {"lat": 36.7359596, "lon": -4.4714637}, "El Pilar-Sta Cruz de La Palma, Canarias, Spain": {"lat": 28.687618, "lon": -17.7674033}, "Elda, Valencia, Spain": {"lat": 38.4789671, "lon": -0.7956759}, "Erzeijstraat, Utrecht": {"lat": 52.0671319, "lon": 5.1201314}, "Escuelas Aguirre, Madrid, Spain": {"lat": 40.4217041, "lon": -3.681733835358209}, "Essen-Vogelheim, Germany": {"lat": 51.4847873, "lon": 6.9840657}, "Est, Strasbourg, Alsace, France": {"lat": 48.59890325, "lon": 7.759893883680613}, "Europa, Bilbao, Pa\u00eds Vasco, Spain": {"lat": 43.2538652, "lon": -2.904252127170313}, "FES Arag\u00f3n, M\u00e9xico, Mexico": {"lat": 19.47476, "lon": -99.04323841222791}, "Fangshan, Liangxiang, Beijing": {"lat": 39.7472559, "lon": 116.1370643}, "Febbio, Emilia Romagna, Italy": {"lat": 44.3059694, "lon": 10.4331885}, "Fengtai Yungang, Beijing": {"lat": 39.81226205, "lon": 116.14425947385249}, "Fernandez Ladreda, Madrid, Spain": {"lat": 40.3856154, "lon": -3.7171246}, "Finkenwerder West, Hamburg, Germany": {"lat": 53.5131417, "lon": 9.9073333}, "Florence, Pennsylvania, USA": {"lat": 40.4322903, "lon": -80.4336768}, "Flughafen, Hamburg, Germany": {"lat": 53.63636215, "lon": 9.994550134684175}, "Fontibon, Bogota, Colombia": {"lat": 4.6732943, "lon": -74.1447464}, "Frankfurt (Oder), Germany": {"lat": 52.3412273, "lon": 14.549452}, "Frankfurt-H\u00f6chst, Germany": {"lat": 50.1027438, "lon": 8.5420871}, "Frankfurt-Ost, Germany": {"lat": 50.1240245, "lon": 8.7270429}, "Frankfurt-Schwanheim, Germany": {"lat": 50.0682137, "lon": 8.6330468}, "Friedberger Landstr., Frankfurt, Germany": {"lat": 50.1458207, "lon": 8.7063401}, "Friedrichshain-Frankfurter Allee, Berlin, Germany": {"lat": 52.5152928, "lon": 13.4618088}, "Fukuoka": {"lat": 33.6251241, "lon": 130.6180016}, "Fukuokacho, Takamatsu, Kagawa, Japan": {"lat": 34.3442704, "lon": 134.0625291}, "Gaegeum-dong, Busan, South Korea": {"lat": 35.1527311, "lon": 129.0213975}, "Gaejeong-dong, Gunsan-si, Jeonbuk, South Korea": {"lat": 35.96261, "lon": 126.751392}, "Gaeumjeong-dong, Changwon-si, Gyeongnam, South Korea": {"lat": 35.2024146, "lon": 128.700703}, "Gakuendai, Saitama-ken, Japan": {"lat": 36.0288387, "lon": 139.7148234}, "Gammul-myeon, Chungbuk, South Korea": {"lat": 36.8424379, "lon": 127.876388}, "Gangbuk-gu, Seoul, South Korea": {"lat": 37.6395, "lon": 127.0255}, "Gangnam-gu, Seoul, South Korea": {"lat": 37.5177, "lon": 127.0473}, "Garc\u00eda Esc\u00e1mez-Sta Cruz de TF, Canarias, Spain": {"lat": 28.4543867, "lon": -16.2744722}, "Gdansk Nowy Port, Gdansk, Poland": {"lat": 54.4040068, "lon": 18.6659341}, "Gdansk Srodmiescie, Gdansk, Poland": {"lat": 54.3468793, "lon": 18.6443526}, "Gdansk Szado\u0142ki, Gdansk, Poland": {"lat": 54.3243382, "lon": 18.5476155}, "Gdansk Wrzeszcz, Gdansk, Poland": {"lat": 54.3817696, "lon": 18.6055111}, "General Hospital, Mandikhera, India": {"lat": 27.9000942, "lon": 76.9936654}, "Geomdan, Seo-gu, Incheon, South Korea": {"lat": 37.6040261, "lon": 126.65727419770596}, "Gerbido, Emilia Romagna, Italy": {"lat": 45.0549822, "lon": 9.7493791}, "Gherardi, Emilia Romagna, Italy": {"lat": 44.8389341, "lon": 11.9545431}, "Gilsang, Incheon, South Korea": {"lat": 37.6265, "lon": 126.49884}, "Gion, Ogori, Fukuoka, Japan": {"lat": 33.395865, "lon": 130.551934}, "Gjilan, Kosovo": {"lat": 42.463515, "lon": 21.4693599}, "Gojan, Namdong-gu, Incheon, South Korea": {"lat": 37.390218, "lon": 126.7168143}, "Gonesse, Paris": {"lat": 48.9843381, "lon": 2.4407345}, "Gora\u017ede Rasadnik, Bosnia Herzegovina": {"lat": 43.661581, "lon": 18.979381699999998}, "Goyang": {"lat": 37.6581862, "lon": 126.8319452}, "Goyang-si Sinwon-dong, Gyeonggi, South Korea": {"lat": 37.667411, "lon": 126.858293}, "Graafseweg, Nijmegen": {"lat": 51.8260416, "lon": 5.8067867}, "Grande-synthe, Nord-Pas-de-Calais, France": {"lat": 51.0134813, "lon": 2.3029972}, "Griftpark, Utrecht": {"lat": 52.1007265, "lon": 5.126538957396229}, "Guaman\u00ed, Quito, Ecuador": {"lat": -0.328943, "lon": -78.559596}, "Guangming Road, Tianjin": {"lat": 39.3452248, "lon": 117.802879}, "Guangzhou": {"lat": 23.1301964, "lon": 113.2592945}, "Guaymaral, Bogota, Colombia": {"lat": 4.83065, "lon": -74.0481806}, "Gustavo A. Madero, M\u00e9xico, Mexico": {"lat": 19.4838614, "lon": -99.1134723}, "Guwol, Namdong-gu, Incheon, South Korea": {"lat": 37.4414572, "lon": 126.70372104713846}, "Gwanak-gu, Seoul, South Korea": {"lat": 37.4782, "lon": 126.9518}, "Gwangjin-gu, Seoul, South Korea": {"lat": 37.5384, "lon": 127.0828}, "Gwangju": {"lat": 35.1594647, "lon": 126.8515034}, "Gyeonghwa-dong, Changwon-si, Gyeongnam, South Korea": {"lat": 35.1592214, "lon": 128.686598}, "H.C.Andersens Boulevard, Copenhagen, Denmark": {"lat": 55.6741025, "lon": 12.5709666}, "Habichtstra\u00dfe, Hamburg, Germany": {"lat": 53.5936135, "lon": 10.0522756}, "Hadapsar, Pune, Pune, India": {"lat": 18.526967, "lon": 73.9278252}, "Hagurazaki, Izumisano, Osaka Prefecture, Japan": {"lat": 34.3993964, "lon": 135.299877}, "Haidian Wanliu, Beijing": {"lat": 39.9926474, "lon": 116.3242705}, "Hakjang-dong, Sasang-gu, Busan, South Korea": {"lat": 35.1422194, "lon": 128.9843177}, "Hamilton": {"lat": 43.2560802, "lon": -79.8728583}, "Hamilton Downtown, Ontario, Canada": {"lat": 43.261054849999994, "lon": -79.8756204428109}, "Hamilton Mountain, Ontario, Canada": {"lat": 43.215845, "lon": -79.86229178033412}, "Hamilton West, Ontario, Canada": {"lat": 43.23915745, "lon": -79.96872312144832}, "Hanbei road, Tianjin": {"lat": 39.1893029, "lon": 117.7683914}, "Hankou, Wuhan": {"lat": 30.6216514, "lon": 114.2494144}, "Hanoi, Vietnam": {"lat": 21.0294498, "lon": 105.8544441}, "Heilongtan , Meishan": {"lat": 30.0284808, "lon": 104.0532272}, "Helsinki": {"lat": 60.1674881, "lon": 24.9427473}, "Henan Forestry College, Luoyang": {"lat": 34.6888844, "lon": 112.49381086421981}, "Higashifukawa, Nagato, Yamaguchi, Japan": {"lat": 34.3698989, "lon": 131.190109}, "Himonya, Meguro, Tokyo, Japan": {"lat": 35.62266085, "lon": 139.68153334929715}, "Hinodamachi, Chichibu, Saitama, Japan": {"lat": 35.980801, "lon": 139.0835011}, "Hjortnes, Oslo, Norway": {"lat": 59.90828365, "lon": 10.711195549955908}, "Hoewon-dong, Changwon-si, Gyeongnam, South Korea": {"lat": 35.2182121, "lon": 128.5742389}, "Hong Kong": {"lat": 22.2793278, "lon": 114.1628131}, "Hoogtij, Amsterdam": {"lat": 52.3855752, "lon": 4.9280331}, "Hounslow Chiswick, United Kingdom": {"lat": 51.48814565, "lon": -0.3026426948538009}, "Houston Aldine, Houston, Texas": {"lat": 29.939196, "lon": -95.345588}, "Houston East, Houston, Texas": {"lat": 29.770389, "lon": -95.20936402413952}, "Hranice, Olomoucky, Czech Republic": {"lat": 49.5481764, "lon": 17.7347407}, "Hsinchu, Taiwan": {"lat": 24.8066333, "lon": 120.9686833}, "Huachipa, Lima, Peru": {"lat": -12.0169226, "lon": -76.9483623}, "Huaibei": {"lat": 33.9566098, "lon": 116.7928916}, "Huangpu Ruijin, Shanghai": {"lat": 31.2241473, "lon": 121.45877}, "Huayang, Chengdu": {"lat": 30.5117577, "lon": 104.0575374}, "Hue, Vietnam": {"lat": 16.4639321, "lon": 107.5863388}, "Hviezdoslavova, Senica, Slovakia": {"lat": 48.680416, "lon": 17.3621924}, "I-25 Globeville, Colorado, USA": {"lat": 39.7722886, "lon": -104.9899538}, "IGI Airport, Delhi, Delhi, India": {"lat": 28.5564626, "lon": 77.0866995}, "IIT, Chennai, Chennai, India": {"lat": 12.9914769, "lon": 80.2336786}, "ITI Jahangirpuri, Delhi, Delhi, India": {"lat": 28.7331328, "lon": 77.17146125975822}, "Ide, Kyoto Prefecture, Japan": {"lat": 34.8084491, "lon": 135.8340929}, "Ilkadim Hastane, Turkey": {"lat": 41.2927477, "lon": 36.3187955}, "Incheon": {"lat": 37.456, "lon": 126.7052}, "Ingye-dong, Suwon-si, Gyeonggi, South Korea": {"lat": 37.2704837, "lon": 127.02267938210227}, "Irapuato Bomberos, Mexico": {"lat": 20.6752028, "lon": -101.3557416}, "Ishiharacho, Osaka Prefecture, Japan": {"lat": 34.7452581, "lon": 135.5902924}, "Ishiyamadera, Otsu, Shiga, Japan": {"lat": 34.967233, "lon": 135.9033881}, "Istanbul Sultanbeyli, Turkey": {"lat": 40.9584982, "lon": 29.2720343}, "Istanbul Sultangazi, Turkey": {"lat": 41.100974300000004, "lon": 28.868891156668}, "Itaim Paulista, S\u00e3o Paulo, Brazil": {"lat": -23.5017648, "lon": -46.3996091}, "Izmir (Alsancak), Turkey": {"lat": 38.4455132, "lon": 27.1470069}, "Jaesong-dong, Busan, South Korea": {"lat": 35.1858554, "lon": 129.124651}, "Jangnim-dong, Saha-gu, Busan, South Korea": {"lat": 35.07509, "lon": 128.96829}, "Jardin Botanique, Montreal, Canada": {"lat": 45.55695285, "lon": -73.55651807494047}, "Jeongja, Seongnam-si, Gyeonggi, South Korea": {"lat": 37.3666515, "lon": 127.1084366}, "Jeonha-dong, Ulsan, South Korea": {"lat": 35.51518165, "lon": 129.42821101215083}, "Jeonpo-dong, Busanjin-gu, Busan, South Korea": {"lat": 35.1572828, "lon": 129.0745022}, "Jesenik, Olomoucky, Czech Republic": {"lat": 50.2296385, "lon": 17.2046012}, "Jeseniova, Bratislava, Slovakia": {"lat": 48.1699274, "lon": 17.1046945}, "Jesenskeho, Martin, Slovakia": {"lat": 49.0602558, "lon": 18.9212555}, "Jiamusi": {"lat": 46.8087794, "lon": 130.3734556}, "Jianshe Road, Tianjin": {"lat": 39.7173114, "lon": 117.3314743}, "Jincheon-dong, Daegu, South Korea": {"lat": 35.8107208, "lon": 128.5212715}, "Jincheon-eup, Chungbuk, South Korea": {"lat": 36.8548027, "lon": 127.4414303}, "Jonanmachi, Kurume, Fukuoka, Japan": {"lat": 33.3209429, "lon": 130.5065878}, "Jung-gu, Seoul, South Korea": {"lat": 37.5636559, "lon": 126.9975097}, "Jungnang-gu, Seoul, South Korea": {"lat": 37.6063, "lon": 127.093}, "Junping Street, Chengdu": {"lat": 30.6575756, "lon": 104.0550925}, "Junshan, Yueyang": {"lat": 29.4642866, "lon": 113.0009667}, "Kallio 2, Helsinki, Finland": {"lat": 60.18431035, "lon": 24.94934510321159}, "Kamenne nam., Bratislava, Slovakia": {"lat": 48.1454167, "lon": 17.1146919}, "Karve Road Pune, Pune, Pune, India": {"lat": 18.5045456, "lon": 73.8218502}, "Kasumigaoka, Fukuoka, Japan": {"lat": 33.6704489, "lon": 130.440357}, "Katraj, Pune, Pune, India": {"lat": 18.4536792, "lon": 73.8563196}, "Kaunas Noreikiskes, Lithuania": {"lat": 54.8890594, "lon": 23.8445048}, "Kaunas Petra\u0161i\u016bnai, Lithuania": {"lat": 54.891667, "lon": 23.997222}, "Kauniaistentie, Kauniainen, Finland": {"lat": 60.2093972, "lon": 24.7374029}, "Kavadarci, Macedonia": {"lat": 41.4332802, "lon": 22.0122593}, "Kawaguchi, Saitama, Japan": {"lat": 35.8078228, "lon": 139.7241054}, "Kawajima, Saitama-ken, Japan": {"lat": 35.9924411, "lon": 139.4840808}, "Kawasaki": {"lat": 35.5305307, "lon": 139.7028012}, "Keelung, Taiwan": {"lat": 25.1317232, "lon": 121.744652}, "Keihanhondori, Moriguchi, Osaka Prefecture, Japan": {"lat": 34.7329909, "lon": 135.55741}, "Kennedy, Bogota, Colombia": {"lat": 4.6317782, "lon": -74.1538873}, "Kentpark, Turkey": {"lat": 41.09498175, "lon": 30.691265599864238}, "Kieler Stra\u00dfe, Hamburg, Germany": {"lat": 53.5958087, "lon": 9.9231293}, "Kirkeveien, Oslo, Norway": {"lat": 59.9358173, "lon": 10.7316863}, "Kobe": {"lat": 34.6932379, "lon": 135.1943764}, "Koblenz-Hohenfelder Stra\u00dfe, Germany": {"lat": 50.3582597, "lon": 7.5916387}, "Koga, Fukuoka Prefecture, Japan": {"lat": 33.728578, "lon": 130.4701731}, "Kollarova, Trnava, Slovakia": {"lat": 48.3718449, "lon": 17.5871792}, "Konggang, Chongqing": {"lat": 29.7473985, "lon": 106.5875419}, "Koptevo, Moscow, Moscow, Russia": {"lat": 55.8396193, "lon": 37.5201074}, "Kosetice, Vysocina, Czech Republic": {"lat": 49.5583646, "lon": 15.1162669}, "Kumata, Osaka Prefecture, Japan": {"lat": 34.6361993, "lon": 135.539142}, "Kuopio": {"lat": 62.8241424, "lon": 27.594561484488977}, "Kyoto": {"lat": 35.021041, "lon": 135.7556075}, "Kyoto Prefecture, Japan": {"lat": 35.242552, "lon": 135.454601}, "L'Alcora, Valencia, Spain": {"lat": 40.0744223, "lon": -0.2138589}, "La Felguera, Asturias, Spain": {"lat": 43.3085595, "lon": -5.6919228}, "La Linea, La Linea De La Concepcion, Spain": {"lat": 36.1601511, "lon": -5.3543769}, "Lake Major, Nova Scotia, Canada": {"lat": 44.7157511, "lon": -63.4688352}, "Lake district, Hefei": {"lat": 31.809008900000002, "lon": 117.2280494161489}, "Langfang": {"lat": 39.5128345, "lon": 116.6997446}, "Lanzhou": {"lat": 36.0620781, "lon": 103.8318566}, "Laodong Park, Changchun": {"lat": 43.87475035, "lon": 125.36327028158108}, "Larnaca (traffic), Cyprus": {"lat": 34.9167572, "lon": 33.6270509}, "Las Encinas Temuco, Chile": {"lat": -38.7488422, "lon": -72.6210693}, "Las Ferias, Bogota, Colombia": {"lat": 4.6887444, "lon": -74.0852901}, "Legnica - Rzeczypospolitej, Poland": {"lat": 51.2055076, "lon": 16.1797265}, "Lepp\u00e4vaara 4, Espoo, Finland": {"lat": 60.2212742, "lon": 24.8125383}, "Liberec Rochlice, Liberecky, Czech Republic": {"lat": 50.7472497, "lon": 15.0617487}, "Liberec-mesto, Liberecky, Czech Republic": {"lat": 50.7613941, "lon": 15.0468351}, "Liege": {"lat": 50.6450944, "lon": 5.5736112}, "Liege (issep), Belgium": {"lat": 50.61295305, "lon": 5.570522276325768}, "Lille Fives, Nord-Pas-de-Calais, France": {"lat": 50.63308625, "lon": 3.0924146035533973}, "Lille Leeds, Nord-Pas-de-Calais, France": {"lat": 50.64083515, "lon": 3.074753556035773}, "Limassol (traffic), Cyprus": {"lat": 34.67980155, "lon": 33.036794136788245}, "Lin Zhuang, Chongqing": {"lat": 35.9843599, "lon": 112.9068736}, "Lindfield Sydney East, Australia": {"lat": -33.7696351, "lon": 151.1803405953947}, "Linfen": {"lat": 36.0885338, "lon": 111.512998}, "Lislet Geoffroy, Reunion, France": {"lat": -20.8963912, "lon": 55.4969181}, "Liverpool Sydney South-west, Australia": {"lat": -33.8881821, "lon": 151.1349744}, "Li\u01ceng l\u00f9, Chongqing": {"lat": 29.721409, "lon": 106.6253158}, "Ljubljana-Be\u017eigrad, Slovenia": {"lat": 46.0655, "lon": 14.5124}, "Lohegaon, Pune, Pune, India": {"lat": 18.5896886, "lon": 73.9097593}, "Loma Dorada, Guadalajara, Mexico": {"lat": 22.1354738, "lon": -101.0284032}, "Longtan, Taiwan": {"lat": 24.7792724, "lon": 121.7433056}, "Longwan, Wenzhou": {"lat": 27.9363908, "lon": 120.8081747}, "Longyan": {"lat": 25.0767425, "lon": 117.0123483}, "Longyan City Stations, Longyan": {"lat": 25.1000121, "lon": 117.0005603}, "Los Chillos, Quito, Ecuador": {"lat": -0.2084681, "lon": -78.4889224}, "LuHu, Guangzhou": {"lat": 23.1425601, "lon": 113.2749035}, "Luukki, Espoo, Finland": {"lat": 60.3159174, "lon": 24.6971835}, "Lyon Centre, France": {"lat": 45.7577749, "lon": 4.8541262}, "L\u00ecw\u0101n xic\u016bn, Guangzhou": {"lat": 23.1410654, "lon": 113.2387501}, "Macquarie Park Sydney East, Australia": {"lat": -33.7715209, "lon": 151.10749508916285}, "Madrid": {"lat": 40.4167047, "lon": -3.7035825}, "Mai, Hannan, Osaka Prefecture, Japan": {"lat": 34.3441193, "lon": 135.2311643}, "Malagrotta, Roma, Lazio, Italy": {"lat": 41.8842906, "lon": 12.3343713}, "Malcantone, Emilia Romagna, Italy": {"lat": 44.6975424, "lon": 10.4031927}, "Mamateyova, Bratislava, Slovakia": {"lat": 48.1235434, "lon": 17.129646}, "Manali, Chennai, Chennai, India": {"lat": 13.127937, "lon": 80.2698133}, "Manglerud, Oslo, Norway": {"lat": 59.8980022, "lon": 10.8127548}, "Maninagar, Ahmedabad, India": {"lat": 22.9977135, "lon": 72.6067174}, "Max-Brauer-Allee II, Hamburg, Germany": {"lat": 53.5477165, "lon": 9.9362947}, "Mazarredo, Bilbao, Pa\u00eds Vasco, Spain": {"lat": 43.2654165, "lon": -2.9324558}, "Melbourne CBD, Australia": {"lat": -38.1334183, "lon": 144.351152}, "Mem Martins, Sintra, Portugal": {"lat": 38.793577, "lon": -9.34399}, "Merced, M\u00e9xico, Mexico": {"lat": 19.4255454, "lon": -99.125518}, "Metepec, Toluca, Mexico": {"lat": 19.2670397, "lon": -99.6373795}, "Mikuninocho Gochaku, Himeji, Hyogo Prefecture, Japan": {"lat": 34.8160733, "lon": 134.7377929}, "Mikura, Saitama, Japan": {"lat": 35.9041684, "lon": 139.6694845}, "Miladinovci, Macedonia": {"lat": 41.978489, "lon": 21.6488932}, "Mimar Sinan, Turkey": {"lat": 38.7231096, "lon": 35.4841018}, "Minaminakaburi, Hirakata, Osaka Prefecture, Japan": {"lat": 34.792172, "lon": 135.627956}, "Mineyamacho Tanba, Kyotango, Kyoto Prefecture, Japan": {"lat": 35.6336142, "lon": 135.0728676}, "Minhang Jiangchuan, Shanghai": {"lat": 30.99030905, "lon": 121.37625611612505}, "Miravalle, Guadalajara, Mexico": {"lat": 20.612166, "lon": -103.3455796}, "Misheel Expo, Ulaanbaatar": {"lat": 47.8946861, "lon": 106.879633}, "Mississauga, Ontario, Canada": {"lat": 43.5896231, "lon": -79.6443879}, "Miyashirocho, Ayabe, Kyoto Prefecture, Japan": {"lat": 35.300403, "lon": 135.244793}, "Mizonokuchi, Kanagawa, Japan": {"lat": 35.5999254, "lon": 139.6105114}, "Mizoshiri, Maizuru, Kyoto Prefecture, Japan": {"lat": 35.470699, "lon": 135.41}, "Modesto-14th Street, Stanislaus, California": {"lat": 37.6390972, "lon": -120.9968782}, "Modiesha station, Guangzhou": {"lat": 23.1036079, "lon": 113.3383117}, "Mol\u00ed del Sol, Val\u00e8ncia, Valencia, Spain": {"lat": 39.4816181, "lon": -0.4100346}, "Mompean Cartagena, Murcia, Spain": {"lat": 37.6043742, "lon": -0.9715598}, "Monash, Canberra, Australia": {"lat": -35.2939029, "lon": 149.1554612}, "Monte Velho, Santiago do Cac\u00e9m, Portugal": {"lat": 37.7675296, "lon": -8.6005725}, "Montreal": {"lat": 45.5031824, "lon": -73.5698065}, "Moravska Trebova - Piaristicka., Pardubicky, Czech Republic": {"lat": 49.7591141, "lon": 16.6666832}, "Morimotocho, Muko, Kyoto Prefecture, Japan": {"lat": 34.9500667, "lon": 135.7122721}, "Moriyama-ku, Nagoya-shi, Aichi-ken, Japan": {"lat": 35.230347, "lon": 137.000766}, "Moshtagh Sq, Kerman, Kerman, Iran": {"lat": 30.29341185, "lon": 57.08675165699874}, "Mostar, Beograd, Serbia": {"lat": 44.7966632, "lon": 20.4531226}, "Mundka, Delhi, Delhi, India": {"lat": 28.6824341, "lon": 77.0305741}, "Munich": {"lat": 48.1371079, "lon": 11.5753822}, "Munro, Hillsborough, Florida, USA": {"lat": 27.9678033, "lon": -82.4686996}, "Myeongseo-dong, Changwon-si, Gyeongnam, South Korea": {"lat": 35.251156449999996, "lon": 128.64441491030408}, "M\u00e0i g\u0101o qi\u00e1o, Nanjing": {"lat": 32.1049091, "lon": 118.8044693}, "M\u00e4kel\u00e4nkatu, Helsinki, Finland": {"lat": 60.2107521, "lon": 24.9442027}, "Nagano, Gy\u014dda-shi, Saitama-ken, Japan": {"lat": 36.1499611, "lon": 139.46602810850356}, "Nagao, Fukuoka, Japan": {"lat": 33.5555125, "lon": 130.3806353}, "Nagoya": {"lat": 35.1851045, "lon": 136.8998438}, "Nakamura-ku, Nagoya-shi, Aichi-ken, Japan": {"lat": 35.169306, "lon": 136.8661432}, "Nakamuracho, Omihachiman, Shiga, Japan": {"lat": 35.1312829, "lon": 136.0935347}, "Nakamuraminami, Tsuchiura-shi, Ibaraki-ken, Japan": {"lat": 36.0408244, "lon": 140.1580956}, "Nam-dong, Incheon, South Korea": {"lat": 37.4644126, "lon": 126.65409116397845}, "Nanjing": {"lat": 32.0437694, "lon": 118.7788749}, "Nanjing Road, Tianjin": {"lat": 39.1105694, "lon": 117.2145992}, "Nankou road, Tianjin": {"lat": 39.1870854, "lon": 117.1749427}, "Narela, Delhi, Delhi, India": {"lat": 28.8426096, "lon": 77.0918354}, "Narva, Estonia": {"lat": 59.3766729, "lon": 28.1921457}, "Nehru Nagar, Kanpur, India": {"lat": 26.4722201, "lon": 80.3241388}, "Newborough, Australia": {"lat": -38.1830393, "lon": 146.2905163}, "Newcastle Lower Hunter, Australia": {"lat": -32.77313385, "lon": 151.57203301304048}, "Newport, United Kingdom": {"lat": 51.5882332, "lon": -2.9974967}, "Nha Trang, Vietnam": {"lat": 12.2431693, "lon": 109.1898675}, "Nigdi, Pune, Pune, India": {"lat": 18.664871400000003, "lon": 73.78356525000001}, "Niizo, Toda-shi, Saitama-ken, Japan": {"lat": 35.8191554, "lon": 139.6639726}, "Nishijin, Fukuoka, Japan": {"lat": 33.5837344, "lon": 130.3594592}, "Nodae-dong, Gwangju, South Korea": {"lat": 35.0991361, "lon": 126.9051667}, "Noksan-dong, Gangseo-gu, Busan, South Korea": {"lat": 35.1116974, "lon": 128.869001}, "Nonhyeon, Namdong-gu, Incheon, South Korea": {"lat": 37.403816, "lon": 126.72732858216779}, "Nord, Strasbourg, Alsace, France": {"lat": 48.6231057, "lon": 7.7119629}, "North Bend Way, North Bend, Washington, USA": {"lat": 47.4943428, "lon": -121.7849951}, "North Campus, Delhi, Delhi, India": {"lat": 28.6874598, "lon": 77.20960214777274}, "North Parramatta Sydney North-west, Australia": {"lat": -33.7630181, "lon": 151.03459525}, "North, HongKong": {"lat": 35.7170095, "lon": 126.7178811}, "Northern Adelaide Elizabeth, Australia": {"lat": -34.7140578, "lon": 138.67074774435847}, "Nosovice, Moravskoslezsky, Czech Republic": {"lat": 49.6606723, "lon": 18.426381}, "Nottingham Centre, United Kingdom": {"lat": 52.9572643, "lon": -1.1477013}, "Novi Beograd, Beograd, Serbia": {"lat": 44.8133048, "lon": 20.4183382}, "Novokosino, Moscow, Moscow, Russia": {"lat": 55.7450867, "lon": 37.8637729}, "Obezna, Zilina, Slovakia": {"lat": 49.2142418, "lon": 18.7696169}, "Ohashi, Fukuoka, Japan": {"lat": 33.5592054, "lon": 130.4264655}, "Olomouc-Hejcin, Olomoucky, Czech Republic": {"lat": 49.6022973, "lon": 17.2366576}, "Ontario, Montreal, Canada": {"lat": 25.7937488, "lon": -100.2726133}, "Oost Sidelinge A13, Rotterdam": {"lat": 51.9416395, "lon": 4.4269617}, "Oroshihonmachi, Nobeoka-shi, Miyazaki-ken, Japan": {"lat": 32.577474, "lon": 131.685272}, "Osaka": {"lat": 34.6198813, "lon": 135.490357}, "Osaka Prefecture, Japan": {"lat": 34.6198813, "lon": 135.490357}, "Osijek-1, Croatia": {"lat": 45.5621175, "lon": 18.6958345}, "Ostellato, Emilia Romagna, Italy": {"lat": 44.745678, "lon": 11.943521}, "Ottawa": {"lat": 45.4208777, "lon": -75.6901106}, "Ottawa Downtown, Ontario, Canada": {"lat": 45.2251729, "lon": -76.1935869}, "Oulun keskusta 2, Oulu, Finland": {"lat": 65.0117109, "lon": 25.4867921}, "P. Deportes, Asturias, Spain": {"lat": 43.53546275, "lon": -5.632315462770027}, "Padmapukur, Howrah, India": {"lat": 22.5682566, "lon": 88.3057431}, "Pakdasht, Pakdasht, Tehran, Iran": {"lat": 35.4992736, "lon": 51.66167}, "Palacio Municipal, Morelia, Mexico": {"lat": 19.701613000000002, "lon": -101.19530404840212}, "Palbong-dong, Iksan-si, Jeonbuk, South Korea": {"lat": 35.9789788, "lon": 126.9911768}, "Palmones, Los Barrios, Spain": {"lat": 36.1752407, "lon": -5.4356606}, "Parc Pilon, Montreal, Canada": {"lat": 45.59411565, "lon": -73.64223668189237}, "Parco Ferrari, Emilia Romagna, Italy": {"lat": 44.791525, "lon": 10.33946776114765}, "Parco Montecucco, Emilia Romagna, Italy": {"lat": 45.0379363, "lon": 9.66846751186749}, "Parco Resistenza, Emilia Romagna, Italy": {"lat": 44.215997200000004, "lon": 12.048388025206672}, "Paris": {"lat": 48.8588897, "lon": 2.3200410217200766}, "Paris 18eme, Paris": {"lat": 48.8896373, "lon": 2.3480452}, "Paris Centre, Paris": {"lat": 48.84863575, "lon": 2.3436033599678794}, "Park Place, Houston, Texas": {"lat": 29.6924518, "lon": -95.2774358}, "Parkovaya, Moscow, Moscow, Russia": {"lat": 55.7350629, "lon": 36.8678584}, "Parque La Granja-Sta Cruz de TF, Canarias, Spain": {"lat": 28.4629198, "lon": -16.265760044644473}, "Parque de San Juan-Telde, Canarias, Spain": {"lat": 28.00238675, "lon": -15.411589977846685}, "Pashan, Pune, Pune, India": {"lat": 18.5386704, "lon": 73.7952542}, "Pastora, Nuevo Leon, Mexico": {"lat": 25.66857255, "lon": -100.25619084345934}, "Paul\u00ednia, S\u00e3o Paulo, Brazil": {"lat": -22.7630391, "lon": -47.1532213}, "Peenya, Bangalore, India": {"lat": 13.0329419, "lon": 77.5273253}, "Pejoces, France": {"lat": 47.309742, "lon": 5.0589361}, "Penyeta, Castell\u00f3, Valencia, Spain": {"lat": 40.020715, "lon": -0.061288}, "Peyrusse-Vieille, France": {"lat": 43.62927, "lon": 0.18005}, "Pf\u00e4lzerwald-Hortenkopf, Germany": {"lat": 49.2703002, "lon": 7.8264257}, "Pinggu town, Beijing": {"lat": 40.1380437, "lon": 117.0938007}, "Pingzhen, Taiwan": {"lat": 24.9457522, "lon": 121.2183594}, "Pista de Silla, Val\u00e8ncia, Valencia, Spain": {"lat": 39.437221, "lon": -0.3700649}, "Plaza De Castilla, Madrid, Spain": {"lat": 40.4662822, "lon": -3.6896636}, "Plaza El\u00edptica, Madrid, Spain": {"lat": 40.3853557, "lon": -3.7178747}, "Pleinweg, Rotterdam Zuid": {"lat": 51.8917155, "lon": 4.4788268}, "Plessis, la Basse-Loire, Loire, France": {"lat": 47.2765306, "lon": -1.3525283}, "Polit\u00e8cnic, Val\u00e8ncia, Valencia, Spain": {"lat": 38.2669097, "lon": -0.6856287}, "Potsdam, Gro\u00dfbeerenstr. v, Germany": {"lat": 52.3808547, "lon": 13.1367902}, "Prerov, Olomoucky, Czech Republic": {"lat": 49.4553775, "lon": 17.4508621}, "Primaria Revoluci\u00f3n, Atotonilco, Hidalgo, Mexico": {"lat": 20.00679, "lon": -99.21885157306659}, "Prizren, Kosovo": {"lat": 42.2130151, "lon": 20.7363339}, "Proletarskiy, Moscow, Moscow, Russia": {"lat": 55.9238867, "lon": 37.9992954}, "Pudong Huinan, Shanghai": {"lat": 31.053124, "lon": 121.7866738}, "Puente Alto, Chile": {"lat": -33.6095279, "lon": -70.5754736}, "Puente Aranda, Bogota, Colombia": {"lat": 4.631762, "lon": -74.1085116}, "Puente Piedra, Lima, Peru": {"lat": -11.8768271, "lon": -77.07448206507763}, "Puli, Taiwan": {"lat": 23.9666667, "lon": 120.9691462}, "Punjabi Bagh, Delhi, Delhi, India": {"lat": 28.668945, "lon": 77.1324614}, "Punteras, Chile": {"lat": -37.04667855, "lon": -72.39355750849418}, "Pusa, Delhi, Delhi, India": {"lat": 28.63629965, "lon": 77.15764441079895}, "Putuo Taopu, Shanghai": {"lat": 31.26543365, "lon": 121.39566692632941}, "P\u0101ny\u00fa city bridge, Guangzhou": {"lat": 23.09261655, "lon": 113.49333774689151}, "Qiaotou, Taiwan": {"lat": 22.7610975, "lon": 120.3102547}, "Qingniwa Bridge, Dalian": {"lat": 38.9166931, "lon": 121.6263552}, "Qingpu Xiayang, Shanghai": {"lat": 31.1607843, "lon": 121.1210999}, "Qingpu Zhujiajiao, Shanghai": {"lat": 31.1160029, "lon": 121.0486807}, "Quart de Poblet, Valencia, Spain": {"lat": 39.4827253, "lon": -0.4438854}, "R.K. Puram, Delhi, Delhi, India": {"lat": 28.5503805, "lon": 77.1855231}, "Rabassa, Alacant, Valencia, Spain": {"lat": 38.3667139, "lon": -0.5058478}, "Raiha, Kazo-shi, Saitama-ken, Japan": {"lat": 36.1346018, "lon": 139.5861025}, "Railway, Tonghua": {"lat": 41.1341712, "lon": 126.1987707}, "Rajbansi Nagar, Patna, India": {"lat": 25.6066335, "lon": 85.1014347}, "Randwick Sydney East, Australia": {"lat": -33.90656945, "lon": 151.2270868540897}, "Red Bluff - Walnut St, Tehama, California": {"lat": 40.17727895, "lon": -122.23718901351907}, "Resalat, Bandar Abbas, Hormozgan, Iran": {"lat": 27.1974673, "lon": 56.3374102}, "Rijeka-2, Croatia": {"lat": 45.32079245, "lon": 14.4834768}, "Rivi\u00e8re-des-prairies, Montreal, Canada": {"lat": 45.5486445, "lon": -73.6973673}, "Riyadh region Al Murooj - Riyadh, Saudi Arabia": {"lat": 24.764457, "lon": 46.65728123541304}, "Romeralejo, Huelva, Spain": {"lat": 37.267768450000005, "lon": -6.918557602142851}, "Roseville-N Sunrise Ave, Placer, California": {"lat": 38.74471955, "lon": -121.2677397372334}, "Rotterdam": {"lat": 51.9244424, "lon": 4.47775}, "S. Catarina, Nuevo Leon, Mexico": {"lat": 25.6755011, "lon": -100.421406}, "S.Bernardo-Centro, S\u00e3o Paulo, Brazil": {"lat": -23.68524605, "lon": -46.557918799999996}, "S.Bernardo-Paulic\u00e9ia, S\u00e3o Paulo, Brazil": {"lat": -23.6679232, "lon": -46.5804431}, "S.Jos\u00e9 Campos-Vista Verde, S\u00e3o Paulo, Brazil": {"lat": -23.1825329, "lon": -45.8287153}, "Saint-Jean-Baptiste, Montreal, Canada": {"lat": 45.521279050000004, "lon": -73.579540070521}, "Sainte-Anne-de-Bellevue, Montreal, Canada": {"lat": 45.4038563, "lon": -73.9523976}, "Saitama": {"lat": 35.9754168, "lon": 139.4160114}, "Saitama, Japan": {"lat": 35.9754168, "lon": 139.4160114}, "Salinas #3, Monterey, California": {"lat": 36.69917215, "lon": -121.60130745513048}, "Salmi-myeon, Chungbuk, South Korea": {"lat": 36.9115864, "lon": 127.9931536}, "Samnam-myeon, Ulju-gun, Ulsan, South Korea": {"lat": 35.513081, "lon": 129.1206695}, "Samsan, Incheon, South Korea": {"lat": 37.70832, "lon": 126.3038246}, "Samsan-dong, Nam-gu, Ulsan, South Korea": {"lat": 35.54725595, "lon": 129.34847809242484}, "San Agust\u00edn, M\u00e9xico, Mexico": {"lat": 19.1151981, "lon": -100.0947061}, "San Borja, Lima, Peru": {"lat": -12.09645155, "lon": -76.99568986771155}, "San Cristobal, Bogota, Colombia": {"lat": 4.5687863, "lon": -74.0950182}, "San Juan De Lurigancho, Lima, Peru": {"lat": -11.9487508, "lon": -76.97791071135825}, "San Juan Del Puerto, Spain": {"lat": 37.3142155, "lon": -6.8407764}, "San Juan de Arag\u00f3n, M\u00e9xico, Mexico": {"lat": 19.4787145, "lon": -99.0971448}, "San Juanico, Mexico": {"lat": 26.256471, "lon": -112.4787463}, "San Julian, Muskiz, Pa\u00eds Vasco, Spain": {"lat": 43.3333342, "lon": -3.1120732}, "San Martin De Porres, Lima, Peru": {"lat": -11.98675905, "lon": -77.09765510588419}, "San Mateo Atenco, Toluca, Mexico": {"lat": 19.2835562, "lon": -99.5224389}, "Sanjay Nagar, Ghaziabad, India": {"lat": 28.693891999999998, "lon": 77.45003360794567}, "Santa Anita, Lima, Peru": {"lat": -12.0494148, "lon": -76.9645757}, "Santa Fe, Jalisco, Mexico": {"lat": 20.5262746, "lon": -103.0845072}, "Santa Gertrudes, S\u00e3o Paulo, Brazil": {"lat": -22.4590897, "lon": -47.532034}, "Santa Perp\u00e8tua de Mogoda, Catalunya, Spain": {"lat": 41.5328106, "lon": 2.1823309}, "Santiago do Cac\u00e9m, Santiago do Cac\u00e9m, Portugal": {"lat": 38.018461, "lon": -8.6937882}, "Sanwayao, Chengdu": {"lat": 30.6065361, "lon": 104.0750563}, "Sapa-dong, Changwon-si, Gyeongnam, South Korea": {"lat": 35.2199392, "lon": 128.6971027310009}, "Sapporo": {"lat": 43.061936, "lon": 141.3542924}, "Saragat, Emilia Romagna, Italy": {"lat": 44.8345046, "lon": 11.5978761}, "Saskatoon, Saskatchewan, Canada": {"lat": 52.131802, "lon": -106.660767}, "Satyawati College, Delhi, Delhi, India": {"lat": 28.6957714, "lon": 77.1814910517439}, "Sebastopol, Sonoma, California": {"lat": 38.3845125, "lon": -122.8332501583744}, "Sector 6 Panchkula, Panchkula, India": {"lat": 30.705972, "lon": 76.85766446463407}, "Sengencho, Kanagawa, Japan": {"lat": 35.46345, "lon": 139.610398}, "Seodaemun-gu, Seoul, South Korea": {"lat": 37.5790747, "lon": 126.9367861}, "Seokbawi, Incheon, South Korea": {"lat": 37.4576813, "lon": 126.6922113}, "Seongnam": {"lat": 37.4201556, "lon": 127.1262092}, "Seongnam, Seo-gu, Incheon, South Korea": {"lat": 37.5062862, "lon": 126.6746369}, "Seongnam-dong, Dong-gu, Daejeon, South Korea": {"lat": 36.3442567, "lon": 127.434264}, "Sham Shui Po, HongKong": {"lat": 22.32819, "lon": 114.1608545}, "Shanghai": {"lat": 31.2322758, "lon": 121.4692071}, "Shilidian, Chengdu": {"lat": 30.6815925, "lon": 104.1414495}, "Shimohoya, Nishitokyo, Tokyo, Japan": {"lat": 35.7510848, "lon": 139.5635879}, "Shinchimachi, Omuta, Fukuoka, Japan": {"lat": 33.0332086, "lon": 130.436967}, "Shinmori, Osaka Prefecture, Japan": {"lat": 34.7192766, "lon": 135.558141}, "Shinyasumatsu, Izumisano, Osaka Prefecture, Japan": {"lat": 34.399457, "lon": 135.308014}, "Shivajinagar, Pune, Pune, India": {"lat": 18.5322493, "lon": 73.8499601124847}, "Shuangshan, Chongqing": {"lat": 29.821204, "lon": 105.828785}, "Shuncheng district, Fushun , Fushun": {"lat": 41.9438028, "lon": 123.9029141}, "Sihwa, Siheung-si, Gyeonggi, South Korea": {"lat": 37.33914065, "lon": 126.75128884172118}, "Siksa-dong, Goyang-si, Gyeonggi, South Korea": {"lat": 37.6710133, "lon": 126.8164684}, "Sindae, Jeonnam, South Korea": {"lat": 34.9335823, "lon": 127.5601744}, "Sinjeong, Nam-gu, Ulsan, South Korea": {"lat": 35.54795075, "lon": 129.31646201179325}, "Sinpung-dong, Gunsan-si, Jeonbuk, South Korea": {"lat": 35.9786286, "lon": 126.7044887}, "Siri Fort, Delhi, Delhi, India": {"lat": 28.5521464, "lon": 77.2246983}, "Skoyen, Oslo, Norway": {"lat": 59.9247563, "lon": 10.6859424}, "Slavonski Brod-1, Croatia": {"lat": 45.1665803, "lon": 18.0121385}, "Smestad, Oslo, Norway": {"lat": 59.9372195, "lon": 10.6841674}, "Sofienbergparken, Oslo, Norway": {"lat": 59.923220349999994, "lon": 10.763795797593739}, "Solapur, Solapur, India": {"lat": 17.6699734, "lon": 75.9008118}, "Songdo, Incheon, South Korea": {"lat": 37.4299382, "lon": 126.6547155}, "Songhae, Ganghwa-gun, Incheon, South Korea": {"lat": 37.7759204, "lon": 126.4623744}, "Songhyeon, Incheon, South Korea": {"lat": 37.48632, "lon": 126.64125103373158}, "Sopot, Gdansk, Poland": {"lat": 54.3486672, "lon": 18.6540233}, "Soryong-dong, Gunsan-si, Jeonbuk, South Korea": {"lat": 35.9719005, "lon": 126.6805669}, "Sous, Liberecky, Czech Republic": {"lat": 50.553194, "lon": 15.170861}, "South Bangkok Power Plant, Samut Prakan, Thailand": {"lat": 13.618258999999998, "lon": 100.55875964624879}, "South Brisbane, Australia": {"lat": -27.479264, "lon": 153.02007742792208}, "South Phoenix, Maricopa, USA": {"lat": 33.4064556, "lon": -112.0729432}, "Southern Adelaide Christies, Australia": {"lat": -35.1388321, "lon": 138.4768554}, "Spruce Ave, Bremerton, Washington, USA": {"lat": 47.5940877, "lon": -122.6277463}, "Stefanikova, Kosice, Slovakia": {"lat": 48.7270227, "lon": 21.2576729}, "Stefanikovo nabrezie, Banska Bystrica, Slovakia": {"lat": 48.7330572, "lon": 19.1492224}, "Sternschanze, Hamburg, Germany": {"lat": 53.5617679, "lon": 9.9632822}, "Stitna n.Vlari, Zlinsky, Czech Republic": {"lat": 49.0557393, "lon": 17.98341033657978}, "Stresemannstra\u00dfe, Hamburg, Germany": {"lat": 53.5634446, "lon": 9.9313144}, "Strumica, Macedonia": {"lat": 41.4392045, "lon": 22.6397203}, "Sturova, Nitra, Slovakia": {"lat": 47.8346722, "lon": 17.9455993}, "Suba, Bogota, Colombia": {"lat": 4.7405408, "lon": -74.0841442}, "Subesta\u00e7\u00e3o Macau Norte, Macau": {"lat": 22.21380515, "lon": 113.54246182635222}, "Sujeongdong, Dong-gu, Busan, South Korea": {"lat": 35.1305163, "lon": 129.0413108}, "Sukhothai Thammathirat Open University, Nonthaburi, Thailand": {"lat": 13.9100263, "lon": 100.53624521082946}, "Sunderland Silksworth, United Kingdom": {"lat": 54.86476795, "lon": -1.43082221854116}, "Suwon": {"lat": 37.2633325, "lon": 127.0287472}, "Sydney, Hillsborough, Florida, USA": {"lat": 27.9633563, "lon": -82.2073118}, "Sydney, Nova Scotia, Canada": {"lat": 46.137977, "lon": -60.194092}, "Taereung, Seoul, South Korea": {"lat": 37.6176924, "lon": 127.0756723}, "Tai Po, HongKong": {"lat": 22.4494017, "lon": 114.1711328}, "Tainan, Taiwan": {"lat": 22.9912348, "lon": 120.184982}, "Tajiri, Fukuoka, Japan": {"lat": 33.587212, "lon": 130.2502567}, "Takaida, Kashiwara, Osaka Prefecture, Japan": {"lat": 34.5714172, "lon": 135.6384687}, "Tanashicho, Nishitokyo, Tokyo, Japan": {"lat": 35.7287951, "lon": 139.5400411}, "Tanigawa, Daito, Osaka Prefecture, Japan": {"lat": 34.7104645, "lon": 135.6332129}, "Tartu, Estonia": {"lat": 58.3801207, "lon": 26.72245}, "Tarui, Sennan, Osaka Prefecture, Japan": {"lat": 34.3742671, "lon": 135.2615056}, "Temple of Heaven, Dongcheng, Beijing": {"lat": 39.87989915, "lon": 116.4029271924348}, "Terada, Joyo, Kyoto Prefecture, Japan": {"lat": 34.8532549, "lon": 135.7720501}, "Tianhu, Guangzhou": {"lat": 23.66218685, "lon": 113.62634943779484}, "Tianjin": {"lat": 39.0856735, "lon": 117.1951073}, "Tiansheng, Chongqing": {"lat": 29.8298741, "lon": 106.4336504}, "Tikkurila 3, Vantaa, Finland": {"lat": 60.2880482, "lon": 25.0340628}, "Ti\u0101nh\u00e9 ch\u00e9ng, Guangzhou": {"lat": 23.1377588, "lon": 113.3201441}, "Tlalnepantla, M\u00e9xico, Mexico": {"lat": 19.5370001, "lon": -99.1955083}, "Tlaquepaque, Guadalajara, Mexico": {"lat": 20.6568611, "lon": -103.300462}, "Tokiwa, Saitama, Japan": {"lat": 35.8714813, "lon": 139.6407107}, "Tokorozawa, Saitama, Japan": {"lat": 35.7994271, "lon": 139.4687478}, "Toluca Centro, Toluca, Mexico": {"lat": 19.28849645, "lon": -99.67273761198562}, "Toronto": {"lat": 43.6534817, "lon": -79.3839347}, "Toronto Downtown, Ontario, Canada": {"lat": 43.6541457, "lon": -79.38079276646786}, "Toronto East, Ontario, Canada": {"lat": 43.728800750000005, "lon": -79.38371574291823}, "Toronto North, Ontario, Canada": {"lat": 43.781315, "lon": -79.4181874201978}, "Toronto West, Ontario, Canada": {"lat": 43.65841965, "lon": -79.38313842626155}, "Toulouse Berthelot, France": {"lat": 43.6074124, "lon": 1.4587021}, "Toulouse Eisenhower, France": {"lat": 43.5581151, "lon": 1.4015895}, "Toulouse Jacquier, France": {"lat": 43.568732600000004, "lon": 1.413359595783629}, "Toulouse Mazades, France": {"lat": 43.624012, "lon": 1.4369161}, "Toulouse ZI Chapitre, France": {"lat": 43.6317344, "lon": 1.5088096}, "Toulouse-Rte D'Albi, France": {"lat": 43.6360716, "lon": 1.4636776}, "Tourcoing, Nord-Pas-de-Calais, France": {"lat": 50.5179607, "lon": 2.6394062}, "Trnavske Myto, Bratislava, Slovakia": {"lat": 48.1581156, "lon": 17.1278772}, "Tsurugamine, Kanagawa, Japan": {"lat": 35.4749432, "lon": 139.5493487}, "Tunal, Bogota, Colombia": {"lat": 3.9484746, "lon": -74.3160723}, "UAM Iztapalapa, M\u00e9xico, Mexico": {"lat": 19.36207685, "lon": -99.07289764077358}, "Uji, Uji, Kyoto Prefecture, Japan": {"lat": 34.8933744, "lon": 135.8059219}, "Ulsan": {"lat": 35.5391697, "lon": 129.3119136}, "Unam-dong, Gwangju, South Korea": {"lat": 35.177893, "lon": 126.8784333}, "Ungnam-dong, Changwon-si, Gyeongnam, South Korea": {"lat": 35.2178162, "lon": 128.68831017194952}, "Unseo, Jung-gu, Incheon, South Korea": {"lat": 37.4928006, "lon": 126.4937678}, "Usaquen, Bogota, Colombia": {"lat": 4.695219, "lon": -74.0309322}, "Vallarta, Guadalajara, Mexico": {"lat": 20.672827, "lon": -103.391553}, "Vallila 1, Helsinki, Finland": {"lat": 60.1963134, "lon": 24.9410803}, "Valparaiso, Chile": {"lat": -33.0458456, "lon": -71.6196749}, "Veddel, Hamburg, Germany": {"lat": 53.5254239, "lon": 10.0207609}, "Vel\u00f3dromo, Puebla, Mexico": {"lat": 19.11453035, "lon": -98.27833403843931}, "Verdun, Montreal, Canada": {"lat": 45.459078, "lon": -73.5731774}, "Verge dels Lliris, Alcoi, Valencia, Spain": {"lat": 38.6919354, "lon": -0.477211}, "Veshnyaki, Moscow, Moscow, Russia": {"lat": 55.733243, "lon": 37.8129746}, "Victor Hugo, Nantes, Loire, France": {"lat": 47.2040218, "lon": -1.5516089}, "Villar del Arzobispo, Valencia, Spain": {"lat": 39.7337011, "lon": -0.8273481}, "Viver, Valencia, Spain": {"lat": 39.9212618, "lon": -0.5982244}, "Vocational College, Dongying": {"lat": 37.468901599999995, "lon": 118.5277493856617}, "Vocational College, Zibo": {"lat": 36.8862685, "lon": 118.07540833968598}, "Vondelpark, Amsterdam": {"lat": 52.3578866, "lon": 4.867116659586616}, "Wakamatsudai, Osaka Prefecture, Japan": {"lat": 34.4906775, "lon": 135.509509}, "West Phoenix, Maricopa, USA": {"lat": 33.4924937, "lon": -112.2602955}, "Westerpark, Amsterdam": {"lat": 52.387236349999995, "lon": 4.871777328438663}, "Wilhelmsburg, Hamburg, Germany": {"lat": 53.4922921, "lon": 9.9962167}, "Wirral Tranmere, United Kingdom": {"lat": 53.3930206, "lon": -3.0213182280082993}, "Wollongong Illawarra, Australia": {"lat": -34.5595018, "lon": 150.78825948080475}, "Wolpyeong-dong, Daejeon, South Korea": {"lat": 36.3514451, "lon": 127.3571242}, "Worli, Mumbai, India": {"lat": 19.0116962, "lon": 72.8180702}, "Wuhan": {"lat": 30.5951051, "lon": 114.2999353}, "Wuji\u0101g\u01ceng, Yichang, Hubei": {"lat": 30.646169, "lon": 111.3550079}, "Wuzhishan": {"lat": 18.7774931, "lon": 109.5128055}, "Xinglongtai, Panjin": {"lat": 41.138848, "lon": 122.1006768}, "Xujiahui, Shanghai": {"lat": 31.1974902, "lon": 121.4323653}, "Xuzhou": {"lat": 34.2050708, "lon": 117.2782967}, "Yagisawa, Nishitokyo, Tokyo, Japan": {"lat": 35.7266214, "lon": 139.5498743}, "Yaksa-dong, Ulsan, South Korea": {"lat": 35.567278900000005, "lon": 129.33417671997108}, "Yangquan": {"lat": 37.85862, "lon": 113.5730276}, "Yanqing town, Beijing": {"lat": 40.4573047, "lon": 115.9785082}, "Yeocheon-dong, Nam-gu, Ulsan, South Korea": {"lat": 35.533988, "lon": 129.3480917}, "Yeongtong-dong, Suwon-si, Gyeonggi, South Korea": {"lat": 37.2513557, "lon": 127.0712923}, "Yichang, Hubei": {"lat": 30.3819696, "lon": 111.4436927}, "Yokohama": {"lat": 35.444991, "lon": 139.636768}, "Yongjidong, Changwon-si, Gyeongnam, South Korea": {"lat": 35.2361109, "lon": 128.6843302972603}, "Yongming road, Tianjin": {"lat": 38.8387187, "lon": 117.4916167}, "Yongning, Chengdu": {"lat": 30.2262863, "lon": 104.5395982}, "Yongsu-ri, Gijang-gun, Busan, South Korea": {"lat": 35.3281274, "lon": 129.1744883}, "Yoshizuka, Fukuoka, Japan": {"lat": 33.6071305, "lon": 130.423564}, "Yuejin Road, Tianjin": {"lat": 39.0707592, "lon": 117.7494039}, "Y\u00edl\u00edng district, Yichang, Hubei": {"lat": 31.0013682, "lon": 111.2891277}, "Zagorje, Slovenia": {"lat": 46.475596, "lon": 16.0765493}, "Zagreb-3, Croatia": {"lat": 45.84264135, "lon": 15.962231476593626}, "Zejtun, Malta": {"lat": 35.8537008, "lon": 14.5315311}, "Zelena, Banska Bystrica, Slovakia": {"lat": 48.8241547, "lon": 19.1092273}, "Zelenogorsk, Krasnoyarsk, Russia": {"lat": 56.11356, "lon": 94.589279}, "Zenica Tetovo, Bosnia Herzegovina": {"lat": 44.2385608, "lon": 17.9025032}, "Zimaling, Zhongshan": {"lat": 22.5115039, "lon": 113.40460967459745}, "Zlin, Zlinsky, Czech Republic": {"lat": 49.226766, "lon": 17.6667415}, "Zorita del Maestrazgo, Valencia, Spain": {"lat": 40.7287128, "lon": -0.166284}, "Zurich Kaserne, Switzerland": {"lat": 47.37758245, "lon": 8.530342116991271}, "alcorc\u00f3n, Madrid, Spain": {"lat": 40.3492998, "lon": -3.8284295}, "algete, Madrid, Spain": {"lat": 40.5961652, "lon": -3.4974246}, "collado villalba, Madrid, Spain": {"lat": 40.6431496, "lon": -3.9930128}, "de Jongweg, Utrecht": {"lat": 52.1028844, "lon": 5.1335424}, "duodao, Jingmen, Hubei": {"lat": 30.97622, "lon": 112.2024364}, "el Zabal, La Linea De La Concepcion, Spain": {"lat": 36.1859872, "lon": -5.3474966}, "el atazar, Madrid, Spain": {"lat": 40.9343489, "lon": -3.4710919}, "gu\u01cen ch\u00e9ng l\u00ed chu\u0101n, Dongguan": {"lat": 23.05393855, "lon": 113.76714779735525}, "jangyu-dong, Gimhae-si, Gyeongnam, South Korea": {"lat": 35.1865962, "lon": 128.810829}, "longgang district, Huludao , Huludao": {"lat": 40.7215591, "lon": 120.9254194}, "l\u00f3ng zh\u014du w\u0101n, Chongqing": {"lat": 29.4098962, "lon": 106.5350033}, "sh\u00ec w\u01d4 zh\u014dng, Guangzhou": {"lat": 22.9970015, "lon": 113.27365110557501}, "sh\u00ec y\u012b zh\u014dng, Shaoyang": {"lat": 26.743024300000002, "lon": 110.63502542637382}, "s\u00ec f\u0113ng, Jiamusi": {"lat": 46.7568, "lon": 130.345}, "torrejon de ardoz, Madrid, Spain": {"lat": 40.4587767, "lon": -3.4793343}, "t\u0101n z\u01d0 kou, Chongqing": {"lat": 29.5019086, "lon": 106.5215309}, "t\u01d0y\u00f9 x\u012b, Guangzhou": {"lat": 23.1338184, "lon": 113.3161354}, "villa del prado, Madrid, Spain": {"lat": 40.2764752, "lon": -4.3048032}, "villarejo de salvanes, Madrid, Spain": {"lat": 40.1683582, "lon": -3.2738764}, "x\u012b li\u00e1ng, Chaoyang , Chaoyang": {"lat": 29.8094156, "lon": 106.4233526}, "\u00c9changeur D\u00e9carie, Montreal, Canada": {"lat": 45.5033021, "lon": -73.6663197}, "\u4e1c\u897f\u6e56\u533a\u7ad9, Wuhan": {"lat": 30.82776885, "lon": 114.81414200228987}, "\u5251\u5c71\u8def, Chongqing": {"lat": 29.5735271, "lon": 106.2144209}, "\u5317\u73af\u8def, Tianjin": {"lat": 38.9506497, "lon": 117.6906903}, "\u5730\u7eac\u8def, Tianjin": {"lat": 38.9346633, "lon": 116.9306532}, "\u6c34\u571f, Chongqing": {"lat": 29.782214, "lon": 106.497402}, "\u6c49\u5357\u533a\u7ad9, Wuhan": {"lat": 30.6590698, "lon": 114.5679793093679}, "\u6d2a\u5c71\u5730\u5927, Wuhan": {"lat": 30.6098504, "lon": 114.4189431}, "\u785a\u53e3\u53e4\u7530, Wuhan": {"lat": 30.5839778, "lon": 114.1773732}, "\u864e\u5cf0, Chongqing": {"lat": 29.7155, "lon": 106.110892}, "\u8f9b\u8001\u8def, Tianjin": {"lat": 39.0401971, "lon": 117.0386646}, "\u9ec4\u9642\u533a\u7ad9, Wuhan": {"lat": 30.7894748, "lon": 114.3082826}, "\u9f99\u6cc9\u9a7f\u533a\u533a\u653f\u5e9c, Chengdu": {"lat": 25.042205, "lon": 121.5083771}}